date,value
1976-01-30,880.47000000
1976-02-27,881.88000000
1976-03-31,903.47000000
1976-04-30,893.64000000
1976-05-28,879.52000000
1976-06-30,914.80000000
1976-07-30,907.82000000
1976-08-31,900.91000000
1976-09-30,920.72000000
1976-10-29,899.90000000
1976-11-30,899.25000000
1976-12-31,954.18000000
1977-01-31,918.86000000
1977-02-28,899.97000000
1977-03-31,888.81000000
1977-04-29,893.43000000
1977-05-31,882.18000000
1977-06-30,919.19000000
1977-07-29,905.66000000
1977-08-31,887.63000000
1977-09-30,887.45000000
1977-10-31,851.60000000
1977-11-30,882.39000000
1977-12-30,887.59000000
1978-01-31,836.79000000
1978-02-28,822.27000000
1978-03-31,847.81000000
1978-04-28,916.42000000
1978-05-31,930.65000000
1978-06-30,917.97000000
1978-07-31,969.18000000
1978-08-31,1004.15000000
1978-09-29,996.10000000
1978-10-31,886.92000000
1978-11-30,908.34000000
1978-12-29,922.77000000
1979-01-31,964.88000000
1979-02-28,935.84000000
1979-03-30,997.62000000
1979-04-30,1004.70000000
1979-05-31,981.15000000
1979-06-29,1028.23000000
1979-07-31,1038.16000000
1979-08-31,1097.81000000
1979-09-28,1101.82000000
1979-10-31,1020.04000000
1979-11-30,1075.40000000
1979-12-31,1100.71000000
1980-01-31,1176.99000000
1980-02-29,1171.65000000
1980-03-31,1026.03000000
1980-04-30,1075.93000000
1980-05-30,1127.14000000
1980-06-30,1165.14000000
1980-07-31,1242.57000000
1980-08-29,1267.49000000
1980-09-30,1300.90000000
1980-10-31,1330.26000000
1980-11-28,1466.64000000
1980-12-31,1404.60000000
1981-01-30,1342.17000000
1981-02-27,1351.44000000
1981-03-31,1415.04000000
1981-04-30,1401.08000000
1981-05-29,1410.97000000
1981-06-30,1391.40000000
1981-07-31,1382.29000000
1981-08-31,1297.20000000
1981-09-30,1208.44000000
1981-10-30,1277.45000000
1981-11-30,1326.22000000
1981-12-31,1286.24000000
1982-01-29,1247.35000000
1982-02-26,1170.37000000
1982-03-31,1153.70000000
1982-04-30,1201.46000000
1982-05-28,1157.85000000
1982-06-30,1125.13000000
1982-07-30,1099.70000000
1982-08-31,1219.94000000
1982-09-30,1235.79000000
1982-10-29,1377.33000000
1982-11-30,1435.37000000
1982-12-31,1451.59000000
1983-01-31,1508.98000000
1983-02-28,1548.13000000
1983-03-31,1600.06000000
1983-04-29,1716.89000000
1983-05-31,1729.91000000
1983-06-30,1791.70000000
1983-07-29,1733.45000000
1983-08-31,1734.15000000
1983-09-30,1757.86000000
1983-10-31,1707.46000000
1983-11-30,1747.26000000
1983-12-30,1723.62000000
1984-01-31,1692.65000000
1984-02-29,1616.94000000
1984-03-30,1633.98000000
1984-04-30,1635.44000000
1984-05-31,1540.08000000
1984-06-29,1571.33000000
1984-07-31,1536.91000000
1984-08-31,1702.10000000
1984-09-28,1698.07000000
1984-10-31,1692.87000000
1984-11-30,1666.92000000
1984-12-31,1702.01000000
1985-01-31,1845.24000000
1985-02-28,1868.27000000
1985-03-29,1859.77000000
1985-04-30,1852.76000000
1985-05-31,1948.25000000
1985-06-28,1977.84000000
1985-07-31,1972.98000000
1985-08-30,1953.10000000
1985-09-30,1871.23000000
1985-10-31,1949.96000000
1985-11-29,2076.72000000
1985-12-31,2164.69000000
1986-01-31,2184.11000000
1986-02-28,2335.94000000
1986-03-31,2455.24000000
1986-04-30,2434.17000000
1986-05-30,2548.89000000
1986-06-30,2577.65000000
1986-07-31,2419.31000000
1986-08-29,2570.85000000
1986-09-30,2360.48000000
1986-10-31,2475.41000000
1986-11-28,2503.60000000
1986-12-31,2434.95000000
1987-01-30,2743.00000000
1987-02-27,2867.81000000
1987-03-31,2929.67000000
1987-04-30,2873.94000000
1987-05-29,2883.10000000
1987-06-30,3004.91000000
1987-07-31,3134.55000000
1987-08-31,3245.83000000
1987-09-30,3170.98000000
1987-10-30,2443.29000000
1987-11-30,2259.44000000
1987-12-31,2417.12000000
1988-01-29,2517.81000000
1988-02-29,2635.73000000
1988-03-31,2583.95000000
1988-04-29,2608.52000000
1988-05-31,2602.61000000
1988-06-30,2729.65000000
1988-07-29,2702.23000000
1988-08-31,2613.45000000
1988-09-30,2706.67000000
1988-10-31,2750.80000000
1988-11-30,2690.03000000
1988-12-30,2738.42000000
1989-01-31,2917.26000000
1989-02-28,2857.86000000
1989-03-31,2915.07000000
1989-04-28,3053.13000000
1989-05-31,3162.61000000
1989-06-30,3137.01000000
1989-07-31,3377.40000000
1989-08-31,3440.84000000
1989-09-29,3426.66000000
1989-10-31,3320.35000000
1989-11-30,3367.64000000
1989-12-29,3419.88000000
1990-01-31,3163.30000000
1990-02-28,3201.21000000
1990-03-30,3273.46000000
1990-04-30,3172.33000000
1990-05-31,3448.48000000
1990-06-29,3424.37000000
1990-07-31,3384.37000000
1990-08-31,3053.60000000
1990-09-28,2879.34000000
1990-10-31,2833.99000000
1990-11-30,3015.02000000
1990-12-31,3101.36000000
1991-01-31,3245.35000000
1991-02-28,3484.85000000
1991-03-28,3583.67000000
1991-04-30,3587.92000000
1991-05-31,3719.30000000
1991-06-28,3545.47000000
1991-07-31,3705.89000000
1991-08-30,3795.04000000
1991-09-30,3743.98000000
1991-10-31,3807.08000000
1991-11-29,3649.99000000
1991-12-31,4041.10000000
1992-01-31,4027.77000000
1992-02-28,4071.25000000
1992-03-31,3961.55000000
1992-04-30,4008.71000000
1992-05-29,4021.51000000
1992-06-30,3930.33000000
1992-07-31,4083.85000000
1992-08-31,3985.00000000
1992-09-30,4024.36000000
1992-10-30,4067.78000000
1992-11-30,4223.41000000
1992-12-31,4289.74000000
1993-01-29,4336.92000000
1993-02-26,4342.87000000
1993-03-31,4444.30000000
1993-04-30,4316.12000000
1993-05-28,4438.55000000
1993-06-30,4449.57000000
1993-07-30,4443.28000000
1993-08-31,4601.55000000
1993-09-30,4601.84000000
1993-10-29,4672.77000000
1993-11-30,4583.82000000
1993-12-31,4657.83000000
1994-01-31,4798.07000000
1994-02-28,4678.39000000
1994-03-31,4457.69000000
1994-04-29,4494.72000000
1994-05-31,4525.52000000
1994-06-30,4395.22000000
1994-07-29,4519.80000000
1994-08-31,4705.97000000
1994-09-30,4605.82000000
1994-10-31,4674.18000000
1994-11-30,4490.58000000
1994-12-30,4540.62000000
1995-01-31,4631.40000000
1995-02-28,4803.91000000
1995-03-31,4920.42000000
1995-04-28,5035.89000000
1995-05-31,5192.80000000
1995-06-30,5348.77000000
1995-07-31,5561.86000000
1995-08-31,5602.28000000
1995-09-29,5806.63000000
1995-10-31,5740.87000000
1995-11-30,5969.99000000
1995-12-29,6057.21000000
1996-01-31,6211.82000000
1996-02-29,6307.25000000
1996-03-29,6365.89000000
1996-04-30,6514.79000000
1996-05-31,6677.35000000
1996-06-28,6612.77000000
1996-07-31,6247.03000000
1996-08-30,6434.03000000
1996-09-30,6765.65000000
1996-10-31,6851.33000000
1996-11-29,7292.16000000
1996-12-31,7198.29000000
1997-01-31,7575.79000000
1997-02-28,7559.42000000
1997-03-31,7213.53000000
1997-04-30,7519.29000000
1997-05-30,8038.50000000
1997-06-30,8396.87000000
1997-07-31,9031.43000000
1997-08-29,8679.98000000
1997-09-30,9180.21000000
1997-10-31,8865.25000000
1997-11-28,9142.43000000
1997-12-31,9298.19000000
1998-01-30,9340.80000000
1998-02-27,10006.44000000
1998-03-31,10494.72000000
1998-04-30,10609.61000000
1998-05-29,10314.18000000
1998-06-30,10663.61000000
1998-07-31,10420.26000000
1998-08-31,8785.71000000
1998-09-30,9346.81000000
1998-10-30,10032.19000000
1998-11-30,10650.20000000
1998-12-31,11317.59000000
1999-01-29,11724.83000000
1999-02-26,11286.08000000
1999-03-31,11707.67000000
1999-04-30,12259.36000000
1999-05-28,11976.75000000
1999-06-30,12583.60000000
1999-07-30,12189.84000000
1999-08-31,12042.23000000
1999-09-30,11713.80000000
1999-10-29,12449.40000000
1999-11-30,12851.93000000
1999-12-31,13812.67000000
2000-01-31,13230.62000000
2000-02-29,13511.00000000
2000-03-31,14296.18000000
2000-04-28,13541.70000000
2000-05-31,13052.96000000
2000-06-30,13618.50000000
2000-07-31,13330.31000000
2000-08-31,14280.04000000
2000-09-29,13613.33000000
2000-10-31,13314.68000000
2000-11-30,11976.24000000
2000-12-29,12175.88000000
2001-01-31,12631.36000000
2001-02-28,11425.29000000
2001-03-30,10645.85000000
2001-04-30,11512.46000000
2001-05-31,11610.22000000
2001-06-29,11407.15000000
2001-07-31,11208.51000000
2001-08-31,10515.09000000
2001-09-28,9562.95000000
2001-10-31,9796.86000000
2001-11-30,10531.45000000
2001-12-31,10707.68000000
2002-01-31,10564.69000000
2002-02-28,10332.89000000
2002-03-28,10775.74000000
2002-04-30,10241.18000000
2002-05-31,10106.49000000
2002-06-28,9384.03000000
2002-07-31,8616.94000000
2002-08-30,8654.04000000
2002-09-30,7773.63000000
2002-10-31,8357.32000000
2002-11-29,8846.71000000
2002-12-31,8343.19000000
2003-01-31,8125.07000000
2003-02-28,7972.60000000
2003-03-31,8051.86000000
2003-04-30,8701.97000000
2003-05-30,9218.89000000
2003-06-30,9342.42000000
2003-07-31,9555.19000000
2003-08-29,9770.56000000
2003-09-30,9649.68000000
2003-10-31,10224.52000000
2003-11-28,10352.22000000
2003-12-31,10799.63000000
2004-01-30,11029.20000000
2004-02-27,11172.89000000
2004-03-31,11039.42000000
2004-04-30,10793.66000000
2004-05-28,10926.36000000
2004-06-30,11138.91000000
2004-07-30,10701.65000000
2004-08-31,10719.15000000
2004-09-30,10895.48000000
2004-10-29,11068.95000000
2004-11-30,11568.54000000
2004-12-31,11971.14000000
2005-01-31,11642.57000000
2005-02-28,11863.48000000
2005-03-31,11638.27000000
2005-04-29,11363.52000000
2005-05-31,11787.81000000
2005-06-30,11876.74000000
2005-07-29,12360.81000000
2005-08-31,12217.13000000
2005-09-30,12289.26000000
2005-10-31,12063.24000000
2005-11-30,12521.92000000
2005-12-30,12517.69000000
2006-01-31,12953.63000000
2006-02-28,12922.27000000
2006-03-31,13155.44000000
2006-04-28,13280.93000000
2006-05-31,12841.69000000
2006-06-30,12849.29000000
2006-07-31,12789.67000000
2006-08-31,13062.54000000
2006-09-29,13345.97000000
2006-10-31,13829.07000000
2006-11-30,14116.71000000
2006-12-29,14257.55000000
2007-01-31,14531.92000000
2007-02-28,14271.61000000
2007-03-30,14409.27000000
2007-04-30,14952.35000000
2007-05-31,15462.16000000
2007-06-29,15210.65000000
2007-07-31,14682.66000000
2007-08-31,14847.70000000
2007-09-28,15362.02000000
2007-10-31,15673.36000000
2007-11-30,14932.67000000
2007-12-31,14819.58000000
2008-01-31,13896.65000000
2008-02-29,13455.96000000
2008-03-31,13332.01000000
2008-04-30,13991.12000000
2008-05-30,14260.76000000
2008-06-30,13073.54000000
2008-07-31,12946.89000000
2008-08-29,13124.49000000
2008-09-30,11875.41000000
2008-10-31,9768.64000000
2008-11-28,8945.22000000
2008-12-31,9087.17000000
2009-01-30,8335.64000000
2009-02-27,7473.97000000
2009-03-31,8113.14000000
2009-04-30,8962.96000000
2009-05-29,9408.46000000
2009-06-30,9428.19000000
2009-07-31,10158.61000000
2009-08-31,10512.49000000
2009-09-30,10945.17000000
2009-10-30,10655.73000000
2009-11-30,11249.13000000
2009-12-31,11561.72000000
2010-01-29,11151.23000000
2010-02-26,11512.41000000
2010-03-31,12222.29000000
2010-04-30,12477.32000000
2010-05-28,11466.30000000
2010-06-30,10823.31000000
2010-07-30,11568.57000000
2010-08-31,11001.12000000
2010-09-30,12020.91000000
2010-10-29,12489.09000000
2010-11-30,12541.05000000
2010-12-31,13360.13000000
2011-01-31,13617.53000000
2011-02-28,14072.16000000
2011-03-31,14101.29000000
2011-04-29,14495.43000000
2011-05-31,14287.49000000
2011-06-30,14023.07000000
2011-07-29,13701.74000000
2011-08-31,12856.31000000
2011-09-30,11842.12000000
2011-10-31,13191.07000000
2011-11-30,13101.21000000
2011-12-30,13189.93000000
2012-01-31,13839.11000000
2012-02-29,14400.51000000
2012-03-30,14805.55000000
2012-04-30,14689.85000000
2012-05-31,13740.37000000
2012-06-29,14258.42000000
2012-07-31,14370.33000000
2012-08-31,14680.90000000
2012-09-28,15044.22000000
2012-10-31,14773.10000000
2012-11-30,14848.06000000
2012-12-31,14995.11000000
2013-01-31,15824.32000000
2013-02-28,15993.71000000
2013-03-28,16598.26000000
2013-04-30,16864.43000000
2013-05-31,17212.40000000
2013-06-28,16992.14000000
2013-07-31,17890.61000000
2013-08-30,17352.13000000
2013-09-30,17982.43000000
2013-10-31,18711.92000000
2013-11-29,19201.96000000
2013-12-31,19706.03000000
2014-01-31,19105.24000000
2014-02-28,19946.84000000
2014-03-31,19996.01000000
2014-04-30,19959.84000000
2014-05-30,20348.35000000
2014-06-30,20862.74000000
2014-07-31,20410.81000000
2014-08-29,21233.89000000
2014-09-30,20760.46000000
2014-10-31,21256.74000000
2014-11-28,21731.18000000
2014-12-31,21669.86000000
2015-01-30,21060.44000000
2015-02-27,22212.34000000
2015-03-31,21947.91000000
2015-04-30,22034.30000000
2015-05-29,22259.70000000
2015-06-30,21841.75000000
2015-07-31,22180.07000000
2015-08-31,20802.97000000
2015-09-30,20119.28000000
2015-10-30,21648.51000000
2015-11-30,21658.55000000
2015-12-31,21167.86000000
2016-01-29,19926.10000000
2016-02-29,19864.02000000
2016-03-31,21224.32000000
2016-04-29,21377.07000000
2016-05-31,21695.66000000
2016-06-30,21711.72000000
2016-07-29,22548.74000000
2016-08-31,22562.78000000
2016-09-30,22578.70000000
2016-10-31,22069.35000000
2016-11-30,23009.36000000
2016-12-30,23416.82000000
2017-01-31,23847.34000000
2017-02-28,24636.83000000
2017-03-31,24628.92000000
2017-04-28,24870.56000000
2017-05-31,25043.96000000
2017-06-30,25229.96000000
2017-07-31,25683.30000000
2017-08-31,25658.97000000
2017-09-29,26238.52000000
2017-10-31,26761.79000000
2017-11-30,27498.09000000
2017-12-29,27775.57000000
2018-01-31,29234.87000000
2018-02-28,28030.13000000
2018-03-29,27403.72000000
2018-04-30,27520.59000000
2018-05-31,28225.64000000
2018-06-29,28393.75000000
2018-07-31,29294.76000000
2018-08-31,30274.61000000
2018-09-28,30258.64000000
2018-10-31,27980.94000000
2018-11-30,28448.87000000
2018-12-31,25749.73000000
2019-01-31,27992.41000000
2019-02-28,28902.93000000
2019-03-29,29267.10000000
2019-04-30,30410.01000000
2019-05-31,28369.39000000
2019-06-28,30272.80000000
2019-07-31,30684.82000000
2019-08-30,29925.35000000
2019-09-30,30351.93000000
2019-10-31,30945.65000000
2019-11-29,32025.86000000
2019-12-31,32886.74000000
2020-01-31,32838.17000000
2020-02-28,30125.07000000
2020-03-31,25899.94000000
2020-04-30,29365.49000000
2020-05-29,30927.15000000
2020-06-30,31630.51000000
2020-07-31,33393.39000000
2020-08-31,35807.67000000
2020-09-30,34480.23000000
2020-10-30,33724.82000000
2020-11-30,37839.65000000
2020-12-31,39456.66000000
2021-01-29,39398.57000000
2021-02-26,40508.68000000
2021-03-31,41741.87000000
2021-04-30,43870.07000000
2021-05-31,43966.36000000
2021-06-30,45113.84000000
2021-07-30,45707.99000000
2021-08-31,46979.63000000
2021-09-30,44850.03000000
2021-10-29,47795.09000000
2021-11-30,46936.08000000
2021-12-31,48461.16000000
2022-01-31,45416.47000000
2022-02-28,44259.21000000
2022-03-31,45606.67000000
2022-04-29,41349.41000000
2022-05-31,41084.91000000
2022-06-30,37564.30000000
2022-07-29,41119.59000000
2022-08-31,39560.86000000
2022-09-30,35836.85000000
2022-10-11,35911.76000000
